Pipeline,Node1,Node2
0,22,28
1,28,22
2,22,24
3,24,22
4,19,25
5,25,19
6,3,25
7,25,3
8,28,35
9,35,28
10,12,32
11,32,12
12,12,40
13,40,12
14,32,40
15,40,32
16,10,43
17,43,10
18,10,36
19,36,10
20,36,43
21,43,36
22,10,28
23,28,10
24,2,22
25,22,2
26,2,24
27,24,2
28,8,21
29,21,8
30,25,27
31,27,25
32,26,27
33,27,26
34,19,27
35,27,19
36,8,46
37,46,8
38,24,46
39,46,24
40,37,46
41,46,37
42,19,47
43,47,19
44,19,20
45,20,19
46,33,40
47,40,33
48,32,33
49,33,32
50,37,45
51,45,37
52,8,45
53,45,8
54,16,45
55,45,16
56,8,16
57,16,8
58,33,45
59,45,33
60,1,37
61,37,1
62,1,6
63,6,1
64,6,35
65,35,6
66,43,49
67,49,43
68,13,21
69,21,13
70,7,34
71,34,7
72,14,30
73,30,14
74,3,14
75,14,3
76,5,47
77,47,5
78,5,38
79,38,5
80,38,47
81,47,38
82,5,26
83,26,5
84,5,27
85,27,5
86,5,19
87,19,5
88,15,38
89,38,15
90,15,32
91,32,15
92,15,33
93,33,15
94,6,23
95,23,6
96,23,31
97,31,23
98,11,31
99,31,11
100,1,18
101,18,1
102,18,40
103,40,18
104,12,18
105,18,12
106,18,41
107,41,18
108,11,41
109,41,11
110,11,18
111,18,11
112,17,22
113,22,17
114,2,49
115,49,2
116,10,17
117,17,10
118,13,42
119,42,13
120,0,42
121,42,0
122,2,42
123,42,2
124,24,42
125,42,24
126,14,29
127,29,14
128,29,30
129,30,29
130,7,30
131,30,7
132,4,15
133,15,4
134,4,47
135,47,4
136,4,33
137,33,4
138,4,20
139,20,4
140,4,16
141,16,4
142,16,20
143,20,16
144,9,49
145,49,9
146,9,43
147,43,9
148,9,17
149,17,9
150,9,10
151,10,9
152,42,44
153,44,42
154,0,44
155,44,0
156,2,44
157,44,2
158,44,49
159,49,44
160,21,48
161,48,21
162,8,48
163,48,8
164,29,39
165,39,29
166,39,48
167,48,39
168,20,39
169,39,20
